Month,Revenue,Profit,Margin,Operating_Expenses,Amount,RevenuePipeline,MarketTrend
2024-01,395000,195000,49.4,200000,205000,395000,269.0
2024-02,455000,226000,49.7,229000,216000,455000,269.70001220703125
2024-03,490000,250000,51.0,240000,220000,490000,271.3999938964844
2024-04,535000,280000,52.3,255000,232000,535000,270.3699951171875
2024-05,580000,315000,54.3,265000,235000,580000,269.04998779296875
2024-06,625000,347000,55.5,278000,246000,625000,270.0400085449219
